{"precision": 0.512, "recall": 0.6881720430107527, "f1_score": 0.5871559633027523}